o:id,url,o:resource_template,o:resource_class,o:owner,o:is_public,o:item_set/o:id,o:item_set/dcterms:title,o:media/o:id,o:media/file,dcterms:title,dcterms:creator,dcterms:subject,dcterms:contributor,dcterms:date,dcterms:type,dcterms:format,dcterms:identifier,dcterms:source,dcterms:language,dcterms:rights,dcterms:tableOfContents,dcterms:abstract,dcterms:medium,dcterms:isReferencedBy,dcterms:references,dcterms:mediator,dcterms:accessRights,dcterms:bibliographicCitation,dcterms:accrualMethod,index:geognameTerritory,index:geognameCountry,index:geognameCity,index:persname,index:namePeriodical,index:genreformType,index:subjectKeywords
5,https://omekas-docker.inframshe.univ-fcomte.fr/admin/item/5,"Notice archivistique",,thomas.dandin@umlp.fr,true,,,"333 | 334","https://omekas-docker.inframshe.univ-fcomte.fr/files/original/5765f7fc4a0f4c2779cc8ce2a7daa3cf0fcf5a60.jpeg | https://omekas-docker.inframshe.univ-fcomte.fr/files/original/79774285ca63801a0fd4255dbc75913040ca1672.jpeg","Théâtre-bouffes de la Scala (Lyon) : tableau de la troupe pour la saison 1901-1902",,,,1901,Pièce,"Recto-verso. Lithographie couleur.  18,5 x 10,5 cm.","https://www.nakala.fr/10.34847/nkl.9bfdcyku 10.34847/nkl.9bfdcyku",,,,,"Répertoire de l'administration et des artistes de la troupe.","Document non solidaire, déchirures multiples et signes d'usage et d'usure.",,,,,"1 EN 1",,,,,,,Brochure,"État de troupe dramatique"
6,https://omekas-docker.inframshe.univ-fcomte.fr/admin/item/6,"Notice archivistique",,thomas.dandin@umlp.fr,true,,,"335 | 336 | 337 | 338 | 339 | 340 | 341 | 342 | 343","https://omekas-docker.inframshe.univ-fcomte.fr/files/original/4160af84a718c55fe466a7044f153a3cb6a0e1f3.jpeg | https://omekas-docker.inframshe.univ-fcomte.fr/files/original/b0d7b449a43327f832ec49d196b6f8d7efb06848.jpeg | https://omekas-docker.inframshe.univ-fcomte.fr/files/original/9220c5c7631d971178f33389fcc1fdaa390b27d1.jpeg | https://omekas-docker.inframshe.univ-fcomte.fr/files/original/a5e5edca4f45c597a61318698647e2e0dc3da8db.jpeg | https://omekas-docker.inframshe.univ-fcomte.fr/files/original/1a388b1d0f825000f100da2c3e39fc989800b800.jpeg | https://omekas-docker.inframshe.univ-fcomte.fr/files/original/91dccdbffc7fc1c6e5cbd5ff7595ac51159fb42c.jpeg | https://omekas-docker.inframshe.univ-fcomte.fr/files/original/f80ce6df5042548a8035b7662e146e140e4e33e2.jpeg | https://omekas-docker.inframshe.univ-fcomte.fr/files/original/3e34d53ab6d1f3743f52ba511eca01cd313e1c0c.jpeg | https://omekas-docker.inframshe.univ-fcomte.fr/files/original/3ae2cb3020b1d8a4ba44113aad0e721a080fe82d.jpeg","Programme du Grand Théâtre municipal de la ville d'Avignon pour la saison 1904-1905",,,,1904,Pièce,"11 pages. Impression encre noire et couleur. Signet de tête en ruban rouge. 19 x 12 cm.","https://www.nakala.fr/10.34847/nkl.1e5bhw75 10.34847/nkl.1e5bhw75",,,,,"Programme des représentations et répertoire de l'administration et des artistes de la troupe.
Imprimeur : Eugène Millo.","Déchirures multiples, signet de tête coupé et traces d'usage et d'usure.",,,,,"1 EN 2",,,,,,,Brochure,"Programme théâtral"
7,https://omekas-docker.inframshe.univ-fcomte.fr/admin/item/7,"Notice archivistique",,thomas.dandin@umlp.fr,true,,,344,https://omekas-docker.inframshe.univ-fcomte.fr/files/original/0afdacd36ab6cecb914c6deb828df6d170e81a4b.jpeg,"Théâtre-Casino de Cavaillon : affiche des représentations données par la troupe Mouret le dimanche 14 mai 1905",,,,1905,Pièce,"Impression encre noire.  22,7 x 17,5 cm.","https://www.nakala.fr/10.34847/nkl.5316rxbc 10.34847/nkl.5316rxbc",,,,,,"Déchirures multiples, signes d'usage et d'usure et présence de papier adhésif.",,,,,"1 EN 3",,,,,,,"Document figuré","Affiche programme lyrique"
8,https://omekas-docker.inframshe.univ-fcomte.fr/admin/item/8,"Notice archivistique",,thomas.dandin@umlp.fr,true,,,"345 | 346 | 347 | 348 | 349 | 350 | 351 | 352","https://omekas-docker.inframshe.univ-fcomte.fr/files/original/7e1f1b051e8e6ed35e9aca8993da24cd349c1812.jpeg | https://omekas-docker.inframshe.univ-fcomte.fr/files/original/a0af472f2f05d498b0a1c5b1070a0a995073b3a6.jpeg | https://omekas-docker.inframshe.univ-fcomte.fr/files/original/f03d2311d1900c65e1937bad4b382bbe6ebcf4b3.jpeg | https://omekas-docker.inframshe.univ-fcomte.fr/files/original/e313bbb87e01ff80c0bf27b56221a8b4137f86f6.jpeg | https://omekas-docker.inframshe.univ-fcomte.fr/files/original/6f8c60a792ba792a68a22c8b949bb5e5510eb0eb.jpeg | https://omekas-docker.inframshe.univ-fcomte.fr/files/original/6e5f4cc5ff7a6552722ef026abbaf1a3c8977c4c.jpeg | https://omekas-docker.inframshe.univ-fcomte.fr/files/original/c044a24a4f18a0657f3316083ace78c031e94802.jpeg | https://omekas-docker.inframshe.univ-fcomte.fr/files/original/631225eb91c5a2081c1f1dc0bb2f59c324ceefd0.jpeg","Grand Théâtre municipal de la ville d'Avignon : programme et tableaux de la troupe et de l'orchestre pour la saison 1905-1906",,,,1905,Pièce,"12 pages. Impression encre noire et verte. 21,5 cm x 13,3 cm.","https://www.nakala.fr/10.34847/nkl.6af0c541 10.34847/nkl.6af0c541",,,,,"Répertoire de l'administration et des artistes et instrumentistes du théâtre.
Imprimeur : Eugène Millo.","Document non solidaire, légères déchirures, quatrième de couverture manquante et signes d'usage et d'usure.",,,,,"1 EN 4",,,,,,,Brochure,"Programme théâtral | Tableau de la troupe"
9,https://omekas-docker.inframshe.univ-fcomte.fr/admin/item/9,"Notice archivistique",,thomas.dandin@umlp.fr,true,,,"353 | 354","https://omekas-docker.inframshe.univ-fcomte.fr/files/original/aa70b3b02f4668fe708a94272a70447f0420eb9b.jpeg | https://omekas-docker.inframshe.univ-fcomte.fr/files/original/c25cb4f4c78513811fb49fbc34b6243be7501f50.jpeg","Émile Nélès jeune dans le rôle de Pomponnet à Haïphong dans La Fille de Mme Angot de Charles Lecocq, livret de Clairville, Paul Siraudin et Victor Koning",,,,1906,Pièce,"1 photographie en noir et blanc.","https://www.nakala.fr/10.34847/nkl.a85601w0 10.34847/nkl.a85601w0",,,,,"Photographe :  Paul Joseph Dufresne, Haïphong, Protectorat du Tonkin, Indochine française (république socialiste du Vietnam depuis 1976).","Signes d'usage et d'usure.",,"MILLER, Victorine, L'Oncle Curé, Comédie, France Marchal-Ninosque (éd.), Besançon, PUFC, 2023, p. 19.",,,"1 EN 5",,"https://isni.org/isni/0000000121834360 Indochine française","https://www.geonames.org/1562822/socialist-republic-of-vietnam.html Vietnam","https://www.geonames.org/1581298/haiphong.html Haïphong","Nélès, Émile (1876-1942)",,"Document figuré","Photographie d'artiste"
10,https://omekas-docker.inframshe.univ-fcomte.fr/admin/item/10,"Notice archivistique",,thomas.dandin@umlp.fr,true,,,355,https://omekas-docker.inframshe.univ-fcomte.fr/files/original/b85d7b8a5e0d01fc852093d78368e01ee0f2cf0b.jpeg,"Théâtres municipaux du Tonkin : affiche de l'opéra comique Les Dragons de Villars, d'Eugène Cormon et Lockroy, musique d'Aimé Maillart (1906). Portrait de comédien d'Émile Nélès : coupure incomplète d'une brochure avec photographie, [1906]",,,,1906,Pièce,"Impression encre noire. 20,5 x 13,8 cm.","https://www.nakala.fr/10.34847/nkl.ba9a7y1g 10.34847/nkl.ba9a7y1g",,,,,,"Déchirures multiples, signes d'usage et d'usure et présence de papier adhésif.",,,,,"1 EN 6",,,,,,,"Brochure | Coupure de presse","Affiche programme lyrique"
11,https://omekas-docker.inframshe.univ-fcomte.fr/admin/item/11,"Notice archivistique",,thomas.dandin@umlp.fr,true,,,356,https://omekas-docker.inframshe.univ-fcomte.fr/files/original/e77fe101672991de24d6a47645bd95f8c7f08199.jpeg,"Théâtres municipaux du Tonkin : affiche du vaudeville Le Chopin de Henri Kéroul et Albert Barré",,,,1906,Pièce,"Papier couleur. Impression encre noire. 25,5 x 18,5 cm.","https://www.nakala.fr/10.34847/nkl.2cb197g9 10.34847/nkl.2cb197g9",,,,,,"Déchirures multiples, signes d'usage et d'usure.",,,,,"1 EN 7",,,,,,,"Document figuré","Affiche programme lyrique"
12,https://omekas-docker.inframshe.univ-fcomte.fr/admin/item/12,"Notice archivistique",,thomas.dandin@umlp.fr,true,,,357,https://omekas-docker.inframshe.univ-fcomte.fr/files/original/b68c358495dd6e36689de84b7a8e4fc34eb82f30.jpeg,"Théâtres municipaux du Tonkin : affiche de l'opérette Les Fétards d'Antony Mars et Maurice Hennequin, musique de Victor Roger",,,,1906,Pièce,"Papier couleur. Impression encre noire. 25,5 x 19 cm.","https://www.nakala.fr/10.34847/nkl.cda7do41 10.34847/nkl.cda7do41",,,,,,"Déchirures multiples, signes d'usage et d'usure.",,,,,"1 EN 8",,,,,,,"Document figuré","Affiche programme lyrique"
13,https://omekas-docker.inframshe.univ-fcomte.fr/admin/item/13,"Notice archivistique",,thomas.dandin@umlp.fr,true,,,"358 | 359 | 360","https://omekas-docker.inframshe.univ-fcomte.fr/files/original/40ef9e82b173e573a62c9da3cd9c8c349962e461.jpeg | https://omekas-docker.inframshe.univ-fcomte.fr/files/original/d965599ee8f7f9eb4f763e35e9285d8fe1b010c5.jpeg | https://omekas-docker.inframshe.univ-fcomte.fr/files/original/95bfb6cc4bd2a2d7365f43454bf5fe97f70b0bbd.jpeg","3567e numéro (première édition) du journal quotidien L' Avenir du Tonkin",,,,"27 janvier 1907",Pièce,"4 pages. Impression encre noire. 62,5 x 46,6 cm.","https://doi.org/10.34847/NKL.DE6AWNLG 10.34847/nkl.de6awnlg",,,,,"Sommaire : La Politique (p. 1),  Courrier de Hanoï (p. 1), Echos de partout (p. 1), Notes d'un tonkinois (p. 1 ), Lettre de Canton (p. 1), Contres et nouvelles (p. 2), Chronique du travail (p. 2), Cartes et livrets des serviteurs indigènes (p. 1), Chronique judiciaire (p. 2), Chronique locale (p. 2), Tribune libre (p. 3),  L'« Avenir » sportif (p. 3), La vie militaire et maritime (p. 4).","Déchirures multiples, signes d'usage et d'usure.","https://gallica.bnf.fr/ark:/12148/bpt6k2766501q?rk=21459;2# BnF - Gallica",,,,"1 EN 9",,,,,,"http://ark.bnf.fr/ark:/12148/cb327087806 L' Avenir du Tonkin",Périodique,
14,https://omekas-docker.inframshe.univ-fcomte.fr/admin/item/14,"Notice archivistique",,thomas.dandin@umlp.fr,true,,,"361 | 362 | 363","https://omekas-docker.inframshe.univ-fcomte.fr/files/original/9f13d1d4ff984ca603055023ba9dff96d0801322.jpeg | https://omekas-docker.inframshe.univ-fcomte.fr/files/original/7d1d01e91175eaf9682af0450ab62799efe9287c.jpeg | https://omekas-docker.inframshe.univ-fcomte.fr/files/original/426a7d9e43844f7b496fcce749b73490653db140.jpeg","Théâtre Moderne d'Anvers : programme de soirée, saison d'été 1909 annonçant le vaudeville Le Garde du corps de Marcel Nancey et Paul Armont",,,,1909,Pièce,"4 pages. Impression encre bleue. 22 x 13,7 cm.","https://www.nakala.fr/10.34847/nkl.2f51zdl4 10.34847/nkl.2f51zdl4",,,,,,"Signes d'usage et d'usure.",,,,,"1 EN 10",,,,,,,Brochure,"Affiche programme dramatique"
15,https://omekas-docker.inframshe.univ-fcomte.fr/admin/item/15,"Notice archivistique",,thomas.dandin@umlp.fr,true,,,"364 | 365 | 366 | 367 | 368 | 369 | 370 | 371 | 372 | 373 | 374 | 375 | 376 | 377 | 378 | 379","https://omekas-docker.inframshe.univ-fcomte.fr/files/original/c5d14d8ad79b518fc02e4b8a4d3243cbda022076.jpeg | https://omekas-docker.inframshe.univ-fcomte.fr/files/original/b9e80dbd2ee4071343c1ba6f2b0b14382bdeb535.jpeg | https://omekas-docker.inframshe.univ-fcomte.fr/files/original/9195a7dcddb60e11567e6d7783d340926b50dee7.jpeg | https://omekas-docker.inframshe.univ-fcomte.fr/files/original/1e76d51df640a4db7f20c53ad9580e65b0db19d1.jpeg | https://omekas-docker.inframshe.univ-fcomte.fr/files/original/136477374c602a47a2c363b03be478903ecf08f7.jpeg | https://omekas-docker.inframshe.univ-fcomte.fr/files/original/dfb5a0a86d7cec89d4411db6d695414c09f06e84.jpeg | https://omekas-docker.inframshe.univ-fcomte.fr/files/original/ce2667d8da96b822f6eb6267a6e0efb102c9f1f6.jpeg | https://omekas-docker.inframshe.univ-fcomte.fr/files/original/4d443998b99210df5109b2f15eb7e1f2e0b5c120.jpeg | https://omekas-docker.inframshe.univ-fcomte.fr/files/original/addb0e29f948542bc5cce16b0d8fa02f175d9f21.jpeg | https://omekas-docker.inframshe.univ-fcomte.fr/files/original/c956a480c8cf5d2bc345b296ecb58994abc18ec6.jpeg | https://omekas-docker.inframshe.univ-fcomte.fr/files/original/5611b96a801d03e15675cac2e916b63cdfc3698a.jpeg | https://omekas-docker.inframshe.univ-fcomte.fr/files/original/c8799f2bae1029b3fc0040a6d90eb4458f5945bc.jpeg | https://omekas-docker.inframshe.univ-fcomte.fr/files/original/ce39930d6454400fdefb056473abdb6c3df33cf7.jpeg | https://omekas-docker.inframshe.univ-fcomte.fr/files/original/2014f11c8ce1a25da33493d1784d6ddfa83e0ee9.jpeg | https://omekas-docker.inframshe.univ-fcomte.fr/files/original/f4589d21c8e2d0ea607c971ff66d8ed007c7f586.jpeg | https://omekas-docker.inframshe.univ-fcomte.fr/files/original/31cb99d146d7266800a7bde5da8c0c34e70d9434.jpeg","Revue hebdomadaire, théâtrale et mondaine Le Manteau d'Arlequin",,,,"11 février 1911",Pièce,"28 pages. Impression encre noire. 22 x 16,3 cm.","https://www.nakala.fr/10.34847/nkl.5a258xp6 10.34847/nkl.5a258xp6",,,,,"Lithographe : Edouard Fuytynck.","Signes d'usage et d'usure.",,,,,"1 EN 11",,,,,,"Le Manteau d'Arlequin (revue artistique et théâtrale)",Périodique,
16,https://omekas-docker.inframshe.univ-fcomte.fr/admin/item/16,"Notice archivistique",,thomas.dandin@umlp.fr,true,,,"380 | 381 | 382 | 383 | 384 | 385 | 386 | 387 | 388 | 389 | 390","https://omekas-docker.inframshe.univ-fcomte.fr/files/original/211e4e5d2d2f80e85a70be36fc261811301a4a4f.jpeg | https://omekas-docker.inframshe.univ-fcomte.fr/files/original/c28195139101273663c1c92baa0ba49bf20e4b7d.jpeg | https://omekas-docker.inframshe.univ-fcomte.fr/files/original/228a7de5ebf1a3a5e7f154a499fa663104fba3d2.jpeg | https://omekas-docker.inframshe.univ-fcomte.fr/files/original/f7f9e75a262d6ec4788f1ae72f39864e83b393ec.jpeg | https://omekas-docker.inframshe.univ-fcomte.fr/files/original/931cd642e56301d303cc7a01bce0f970c54ab412.jpeg | https://omekas-docker.inframshe.univ-fcomte.fr/files/original/f08d8bae26c18fb619231dda6ee77f1a56b0b04f.jpeg | https://omekas-docker.inframshe.univ-fcomte.fr/files/original/88ee282b426453d0eb3c353da53c13b80726bf99.jpeg | https://omekas-docker.inframshe.univ-fcomte.fr/files/original/87134233c8974a95cece1fa038be2d9416b2a06d.jpeg | https://omekas-docker.inframshe.univ-fcomte.fr/files/original/64f3a3beb9e0d64d56473a459622ac7e058f85e4.jpeg | https://omekas-docker.inframshe.univ-fcomte.fr/files/original/d04a293aa8c8551d595b2462ffb881bfa7031743.jpeg | https://omekas-docker.inframshe.univ-fcomte.fr/files/original/069c89710166688da10a6e3706ce20e9156c2085.jpeg","Texte pour le rôle de Toby dans Miss Trotwood",,,,"5 mars 1912",Pièce,"Manuscrit. 20 pages. 21,5 x 18,5 cm.","https://www.nakala.fr/10.34847/nkl.35a557r9 10.34847/nkl.35a557r9",,,,,"Tampons encreurs : Théâtre Royal des Galeries Saint-Hubert Bruxelles et Alfred Bloch de la Société des auteurs et compositeurs dramatiques (SACD).","Petites déchirures, signes d'usage et d'usure.",,,,,"1 EN 12",,,,,,,Autre,"Manuscrit d'un rôle"
17,https://omekas-docker.inframshe.univ-fcomte.fr/admin/item/17,"Notice archivistique",,thomas.dandin@umlp.fr,true,,,"391 | 392 | 393","https://omekas-docker.inframshe.univ-fcomte.fr/files/original/b0d7211c284fad50953b7b178788c192b29003a0.jpeg | https://omekas-docker.inframshe.univ-fcomte.fr/files/original/34afb1a65486382b66a09899fcdfe9050e06f042.jpeg | https://omekas-docker.inframshe.univ-fcomte.fr/files/original/26b619ad7fca831d67269aabee0c32cbc1f95fa6.jpeg","Émile Nélès, Marcel Roels et Darmain dans Le Million de Georges Beer et Marcel Guillemand",,,,"[entre 1911 et 1912]","Groupe de documents","3 cartes postales photographiques en noir et blanc. 13,5 x 8,5 cm.","https://www.nakala.fr/10.34847/nkl.4bdexvr4 10.34847/nkl.4bdexvr4",,,,,"Photographe : Marc Galuzzi.","Signes d'usage et d'usure.",,"MILLER, Victorine, L'Oncle Curé, Comédie, France Marchal-Ninosque (éd.), Besançon, PUFC, 2023, p. 13.",,,"1 EN 13",,,,,"Darmain | Nélès, Émile (1876-1942) | Roels, Marcel",,"Document figuré","Photographie d'artiste"
18,https://omekas-docker.inframshe.univ-fcomte.fr/admin/item/18,"Notice archivistique",,thomas.dandin@umlp.fr,true,,,"394 | 395 | 396 | 397 | 398 | 399 | 400 | 401 | 402 | 403 | 404 | 405 | 406 | 407 | 408","https://omekas-docker.inframshe.univ-fcomte.fr/files/original/5976457fc0bbdccdf2358a9e37b39aa7fbcb896e.jpeg | https://omekas-docker.inframshe.univ-fcomte.fr/files/original/0b7ef1e25f8857917cbe56064b362e9ab2a1f6bb.jpeg | https://omekas-docker.inframshe.univ-fcomte.fr/files/original/cdf8d99feaebe8c921f423aeccbb4f595781602e.jpeg | https://omekas-docker.inframshe.univ-fcomte.fr/files/original/a237771902aff4b0469a6a4feeb19b26d22c7451.jpeg | https://omekas-docker.inframshe.univ-fcomte.fr/files/original/c199ee6f9ac1f7cd45d587843e28c8a32966d40e.jpeg | https://omekas-docker.inframshe.univ-fcomte.fr/files/original/e5a5c491519648d646c6415b0f4efed7fee1f1b3.jpeg | https://omekas-docker.inframshe.univ-fcomte.fr/files/original/4b55f25b7d60fa179ae69111bcce6b771e632d52.jpeg | https://omekas-docker.inframshe.univ-fcomte.fr/files/original/a78c08b4e71d3501ed9f3658a11a7e7c438e0609.jpeg | https://omekas-docker.inframshe.univ-fcomte.fr/files/original/e6755d63697397fb71c259dd501e93fe2e8cfa2a.jpeg | https://omekas-docker.inframshe.univ-fcomte.fr/files/original/262c807d9d370bbd341f4720fdd3b7cb86e0b991.jpeg | https://omekas-docker.inframshe.univ-fcomte.fr/files/original/2f66b28fbf5d37518cf04491cb629f2df647e796.jpeg | https://omekas-docker.inframshe.univ-fcomte.fr/files/original/c9e64662b82b39cb41d46b9267a78bb1d9742aae.jpeg | https://omekas-docker.inframshe.univ-fcomte.fr/files/original/3a63924223271df007a38a2becb50a830559f3f1.jpeg | https://omekas-docker.inframshe.univ-fcomte.fr/files/original/75b8da61a2e38b231d820118ef1d08f514751c5c.jpeg | https://omekas-docker.inframshe.univ-fcomte.fr/files/original/f5ff119645fb0344207d9f621c9f6d6c33042ecc.jpeg","Revue hebdomadaire, théâtrale et mondaine Le Manteau d'Arlequin",,,,"4 octobre 1913",Pièce,"28 pages. Impression encre noire. 22 x 16,5 cm.","https://www.nakala.fr/10.34847/nkl.c556j714 10.34847/nkl.c556j714",,,,,"Lithographe : Edouard Fuytynck.","Signes d'usage et d'usure.",,,,,"1 EN 14",,,,,,,Brochure,
19,https://omekas-docker.inframshe.univ-fcomte.fr/admin/item/19,"Notice archivistique",,thomas.dandin@umlp.fr,true,,,"409 | 410 | 411","https://omekas-docker.inframshe.univ-fcomte.fr/files/original/37362134136379b1260d86bcad6b8e2b628d3926.jpeg | https://omekas-docker.inframshe.univ-fcomte.fr/files/original/9fabb344f522bb4ae2da618c393ca0cd68e85018.jpeg | https://omekas-docker.inframshe.univ-fcomte.fr/files/original/1433064eed4a48c6d72f34594e5b84673cd664f5.jpeg","Théâtre Beriot (Louvain): programme de la soirée de Gala du 10 avril 1915, donnée au profit de l'Œuvre du Secours Théâtral annonçant la comédie Le Voyage de M. Perrichond d'Eugène Labiche et Robert Martin",,,,1915,Pièce,"4 pages. Impression encre noire. 22 x 14,3 cm.","https://www.nakala.fr/10.34847/nkl.bc8enk99 10.34847/nkl.bc8enk99",,,,,"Imprimeur et lithographe : Pol. De Raeve.","Petites déchirures, signes d'usage et d'usure.",,,,,"1 EN 15",,,,,,,Brochure,"Programme dramatique"
20,https://omekas-docker.inframshe.univ-fcomte.fr/admin/item/20,"Notice archivistique",,thomas.dandin@umlp.fr,true,,,412,https://omekas-docker.inframshe.univ-fcomte.fr/files/original/d96bad08e5edf57ca07fdbea98de493f0604e424.jpeg,"Théâtre de La Scala (Bruxelles) : affiche du vaudeville Les 35 milliards de Doore Thiry de M. L. Peerendboom, adaptation française de J. Willekens, 18 décembre 1915 (saison d'hiver 1915-1916)",,,,1915,Pièce,"Lithographie en couleurs.  Timbre oblitéré. 85 x 61,2 cm.","https://www.nakala.fr/10.34847/nkl.bac32le7 10.34847/nkl.bac32le7",,,,,"Lithographe : Edouard Fuytynck.","Déchirures multiples, signes d'usage et d'usure.",,,,,"1 EN 16",,,,,,,"Document figuré","Affiche dramatique"
21,https://omekas-docker.inframshe.univ-fcomte.fr/admin/item/21,"Notice archivistique",,thomas.dandin@umlp.fr,true,,,413,https://omekas-docker.inframshe.univ-fcomte.fr/files/original/ce1eb92d70448aceb2446a298b7b7c646a081720.jpeg,"Théâtre de La Scala (Bruxelles) : affiche du vaudeville La Famille Klepkens d'Auguste Hendrikx pour la saison d'été 1916",,,,1916,Pièce,"Lithographie en couleurs. Timbre oblitéré. 84 x 62 cm.","https://www.nakala.fr/10.34847/nkl.5b4b0be1  10.34847/nkl.5b4b0be1",,,,,"Lithographe : Jean Fuytynck.","Déchirures multiples, signes d'usage et d'usure.",,"MILLER, Victorine, L'Oncle Curé, Comédie, France Marchal-Ninosque (éd.), Besançon, PUFC, 2023, p. 17.",,,"1 EN 17",,,,,,,"Document figuré","Affiche dramatique"
22,https://omekas-docker.inframshe.univ-fcomte.fr/admin/item/22,"Notice archivistique",,thomas.dandin@umlp.fr,true,,,"414 | 415 | 416 | 417 | 418 | 419 | 420 | 421","https://omekas-docker.inframshe.univ-fcomte.fr/files/original/4b830f6050909d33948d274e2805bf95eed6d778.jpeg | https://omekas-docker.inframshe.univ-fcomte.fr/files/original/436d8e665add38d8913ce77c4523325cb275ed9c.jpeg | https://omekas-docker.inframshe.univ-fcomte.fr/files/original/af3b76a59aa79c036cf7c9f722115d5818f8840d.jpeg | https://omekas-docker.inframshe.univ-fcomte.fr/files/original/6938e1f1b8aa4d384f18347d9a5dd10b724d1b0d.jpeg | https://omekas-docker.inframshe.univ-fcomte.fr/files/original/9d1be72d36a698c6590f2828a30e0b585d72cc4f.jpeg | https://omekas-docker.inframshe.univ-fcomte.fr/files/original/1ae967946ecf6ba8f7fc616ca764c46b22d4ea16.jpeg | https://omekas-docker.inframshe.univ-fcomte.fr/files/original/3c8ae16c41da30feffd13d7cd51cbb36bc8a0aaf.jpeg | https://omekas-docker.inframshe.univ-fcomte.fr/files/original/2bbcaad3eaa4f4ce52063fea05abf0100c694fc5.jpeg","Théâtre du Vaudeville (Bruxelles) : programme officiel et tableau de la troupe pour la saison d'été et d'hiver 1918-1919",,,,1918,Pièce,"16 pages. Impression encre noire et rouge. 21,3 x 13,9 cm.","https://www.nakala.fr/10.34847/nkl.6e3avn80 10.34847/nkl.6e3avn80",,,,,"Imprimeur : Gustave Fischlin.","Signes d'usage et d'usure.",,,,,"1 EN 18",,,,,,,,"Programme théâtral | Tableau de la troupe"
23,https://omekas-docker.inframshe.univ-fcomte.fr/admin/item/23,"Notice archivistique",,thomas.dandin@umlp.fr,true,,,422,https://omekas-docker.inframshe.univ-fcomte.fr/files/original/fe947e4c63ef3d78ea71796f790e28ace5461772.jpeg,"Portrait de Nicolas Ambreville",,,,"[entre 1900 et 1910]",Pièce,"Carte postale photographique en noir et blanc. 13,5 x 8,5 cm.","https://www.nakala.fr/10.34847/nkl.06798fw9 10.34847/nkl.06798fw9",,,,,"Photographe : Marc Galuzzi.","Signes d'usage et d'usure.",,,,,"1 EN 19",,,,,"Ambreville, Nicolas (1863-1921)",,"Document figuré","Photographie d'artiste"
24,https://omekas-docker.inframshe.univ-fcomte.fr/admin/item/24,"Notice archivistique",,thomas.dandin@umlp.fr,true,,,423,https://omekas-docker.inframshe.univ-fcomte.fr/files/original/c54f62a62f126a51ceda727baeb9dbbd4b1b2c01.jpeg,"Portrait dédicacé et signé de Nicolas Ambreville",,,,"[entre 1916 et 1921]",Pièce,"Carte postale photographique en noir et blanc. 13,5 x 8,5 cm.","https://www.nakala.fr/10.34847/nkl.8b96q6xd 10.34847/nkl.8b96q6xd",,,,,"Photographe :  A. van Bever.","Signes d'usage et d'usure.",,,,,"1 EN 20",,,,,,,"Document figuré","Photographie d'artiste"
25,https://omekas-docker.inframshe.univ-fcomte.fr/admin/item/25,"Notice archivistique",,thomas.dandin@umlp.fr,true,,,424,https://omekas-docker.inframshe.univ-fcomte.fr/files/original/3c94b948ecbb02609f09f3dbf2bcf50b80ff3c41.jpeg,"Photographie avec signatures autographes d'Alfred Jacque et Nicolas Ambreville dans la comédie Le Mariage de Mlle Beulemans de Fernand Wicheler et Frantz Fonson",,,,"[vers 1915]",Pièce,"Noir et blanc. 14 x 8,8 cm.","https://www.nakala.fr/10.34847/nkl.eb0a1sem 10.34847/nkl.eb0a1sem",,,,,"Photographe :  Dupont Emèra.","Signes d'usage et d'usure.",,"MILLER, Victorine, L'Oncle Curé, Comédie, France Marchal-Ninosque (éd.), Besançon, PUFC, 2023, p. 14.",,,"1 EN 21",,,,,"Ambreville, Nicolas (1863-1921)",,"Document figuré","Photographie d'artiste"
26,https://omekas-docker.inframshe.univ-fcomte.fr/admin/item/26,"Notice archivistique",,thomas.dandin@umlp.fr,true,,,425,https://omekas-docker.inframshe.univ-fcomte.fr/files/original/649f5d2168d6a0e80a6b937452708e5ee35c62a0.jpeg,"Photographie dédicacée de Nicolas Ambreville",,,,"[entre 1910 et 1915]",Pièce,"Carte postale photographique en noir et blanc. 13,5 x 8,5 cm.","https://doi.org/10.34847/NKL.66CCNSVH 10.34847/nkl.66ccnsvh",,,,,"Photographe : inconnu.","Signes d'usage et d'usure.",,"MILLER, Victorine, L'Oncle Curé, Comédie, France Marchal-Ninosque (éd.), Besançon, PUFC, 2023, p. 8.",,,"1 EN 22",,,,,"Ambreville, Nicolas (1863-1921)",,"Document figuré","Photographie d'artiste"
27,https://omekas-docker.inframshe.univ-fcomte.fr/admin/item/27,"Notice archivistique",,thomas.dandin@umlp.fr,true,,,426,https://omekas-docker.inframshe.univ-fcomte.fr/files/original/b8c6fb54ee3be4131ba5e8982c9eb50faebc3065.jpeg,"Photographie signée de Jules Berry",,,,"[entre 1910 et 1916]",Pièce,"Noir et blanc. 14,5 x 9,2 cm.","https://www.nakala.fr/10.34847/nkl.3c17i58g 10.34847/nkl.3c17i58g",,,,,"Photographe : G.D.E.","Signes d'usage et d'usure.",,,,,"1 EN 23",,,,,"Berry, Jules",,"Document figuré","Photographie d'artiste"
28,https://omekas-docker.inframshe.univ-fcomte.fr/admin/item/28,"Notice archivistique",,thomas.dandin@umlp.fr,true,,,427,https://omekas-docker.inframshe.univ-fcomte.fr/files/original/4de2bde54ddec9a295baf6e4d84deb9e72595307.jpeg,"Dessin du visage d'Émile Nélès dédicacé et signé par Jules Berry",,,,"[années 1920]",Pièce,,"https://www.nakala.fr/10.34847/nkl.abeak93t 10.34847/nkl.abeak93t",,,,,,"Signes d'usage et d'usure.",,,,,"1 EN 24",,,,,"Nélès, Émile (1876-1942)",,"Document figuré","Dessin d'artiste"
29,https://omekas-docker.inframshe.univ-fcomte.fr/admin/item/29,"Notice archivistique",,thomas.dandin@umlp.fr,true,,,428,https://omekas-docker.inframshe.univ-fcomte.fr/files/original/c22b9be9691c29ce1fd1d9a66fd682912af715f3.jpeg,"Portrait avec signature autographe d'Elsa Dolcey",,,,s.d.,Pièce,"Carte postale photographique en noir et blanc. 13,5 x 8,5 cm.","https://www.nakala.fr/10.34847/nkl.d14b621a 10.34847/nkl.d14b621a",,,,,"Photographe : S. Polat.","Signes d'usage et d'usure.",,,,,"1 EN 25",,,,,"Dolcey, Elsa",,"Document figuré","Photographie d'artiste"
30,https://omekas-docker.inframshe.univ-fcomte.fr/admin/item/30,"Notice archivistique",,thomas.dandin@umlp.fr,true,,,429,https://omekas-docker.inframshe.univ-fcomte.fr/files/original/117c9573c0f36ea467953a8830cd8a0d95e9a5e9.jpeg,"Portrait dédicacé avec signature autographe d'André Brulé",,,,[1910],Pièce,"Photographie en noir et blanc. 13,7 x 8,9 cm.","https://www.nakala.fr/10.34847/nkl.ff39o18g 10.34847/nkl.ff39o18g",,,,,"Photographe : G.D.E.","Signes d'usage et d'usure.",,,,,"1 EN 26",,,,,"Brulé, André",,"Document figuré","Photographie d'artiste"
31,https://omekas-docker.inframshe.univ-fcomte.fr/admin/item/31,"Notice archivistique",,thomas.dandin@umlp.fr,true,,,430,https://omekas-docker.inframshe.univ-fcomte.fr/files/original/3ecd81b31735205110b7838d5f259e54b584c4a1.jpeg,"Photographie Beulemans marie sa fille avec signature autographe d'Émile Nélès",,,,"[vers 1920]",Pièce,"Noir et blanc. 13,5 x 8,5 cm.","https://www.nakala.fr/10.34847/nkl.eaf4s125 10.34847/nkl.eaf4s125",,,,,"Photographe : Dupont Emèra.","Signes d'usage et d'usure.",,,,,"1 EN 27",,,,,,,"Document figuré","Photographie d'artiste"
32,https://omekas-docker.inframshe.univ-fcomte.fr/admin/item/32,"Notice archivistique",,thomas.dandin@umlp.fr,true,,,431,https://omekas-docker.inframshe.univ-fcomte.fr/files/original/bd122fe6f44a55d39858732aac294060533f3abe.jpeg,"Photographie d'Émile Nélès, de Darmain et de Hubert Daix dans les Dégourdis de la 11 d'André Mouëzy-Éon et Charles Daveillans (avec signature autographe d'Émile Nélès).",,,,"[vers 1920]",Pièce,"Noir et blanc. 13,5 x 8,5 cm.","https://www.nakala.fr/10.34847/nkl.43f07220 10.34847/nkl.43f07220",,,,,"Photographe : S. Polat.","Signes d'usage et d'usure.",,"MILLER, Victorine, L'Oncle Curé, Comédie, France Marchal-Ninosque (éd.), Besançon, PUFC, 2023, p. 24.",,,"1 EN 28",,,,,,,"Document figuré","Photographie d'artiste"
33,https://omekas-docker.inframshe.univ-fcomte.fr/admin/item/33,"Notice archivistique",,thomas.dandin@umlp.fr,true,,,"432 | 433 | 434 | 435 | 436 | 437 | 438","https://omekas-docker.inframshe.univ-fcomte.fr/files/original/3823f22f628b935a2c6bf2248f785c5961deb151.jpeg | https://omekas-docker.inframshe.univ-fcomte.fr/files/original/330cba1ef637d260c6d0aa733b272aa7908cd3f7.jpeg | https://omekas-docker.inframshe.univ-fcomte.fr/files/original/2d2c8e81037637a1abdc6f123d4e104e1db0f66c.jpeg | https://omekas-docker.inframshe.univ-fcomte.fr/files/original/489f9f749384a6c3d8139f5b5d559324c2aaa6a1.jpeg | https://omekas-docker.inframshe.univ-fcomte.fr/files/original/36ecd5b8bd0fa9b31d533c5e17d090dba4ccaa89.jpeg | https://omekas-docker.inframshe.univ-fcomte.fr/files/original/fc6ec32e77f03fc715abdc2bb3cdcdd9ba3a77ef.jpeg | https://omekas-docker.inframshe.univ-fcomte.fr/files/original/4563a9d3e17ea831784befda024ef6a2ce984a25.jpeg","Programme et description de la troupe de la tournée Ambreville pour le vaudeville J'ai trompé Gustave d'Alexandre Bisson et André Sylvane",,,,1918,Pièce,"12 pages. Impression encre noire. 20,2 x 14,4 cm.","https://www.nakala.fr/10.34847/nkl.b21ep231 10.34847/nkl.b21ep231",,,,,"Imprimerie-Lithographie : L' Agence de publicité théâtrale","Petites déchirures, signes d'usage et d'usure.",,,,,"1 EN 29",,,,,,,Brochure,"Description de la troupe | Programme théâtral"
34,https://omekas-docker.inframshe.univ-fcomte.fr/admin/item/34,"Notice archivistique",,thomas.dandin@umlp.fr,true,,,"439 | 440 | 441 | 442 | 443 | 444 | 445","https://omekas-docker.inframshe.univ-fcomte.fr/files/original/d89973c1bce01183adbb72a6649fa8742eb7def8.jpeg | https://omekas-docker.inframshe.univ-fcomte.fr/files/original/21fceebd953265897866386b4398e260152e70c8.jpeg | https://omekas-docker.inframshe.univ-fcomte.fr/files/original/f79054aebb237ab894424a789d317b7d03b56aa8.jpeg | https://omekas-docker.inframshe.univ-fcomte.fr/files/original/d61bd783e23ec73e48cf2feb2c3a544bb0394061.jpeg | https://omekas-docker.inframshe.univ-fcomte.fr/files/original/92c19b63f71b2581ef2851daa55984b34cb288eb.jpeg | https://omekas-docker.inframshe.univ-fcomte.fr/files/original/3d21e395848e7180c1384538019d2d83658e71c1.jpeg | https://omekas-docker.inframshe.univ-fcomte.fr/files/original/95d6bdf2cead81fe8b4575896cf6e384c81b363b.jpeg","Programme de la tournée Ambreville pour le vaudeville J'ai trompé Gustave d'Alexandre Bisson et André Sylvane, et la comédie L'Oncle curé de Victorine Miller",,,,1919,Pièce,"12 pages. Impression encre noire. 21,6 x 12,7 cm.","https://www.nakala.fr/10.34847/nkl.9bcdiv02 10.34847/nkl.9bcdiv02",,,,,"Imprimerie : La Concurrence.","Petites déchirures, signes d'usage et d'usure.",,,,,"1 EN 30",,,,,,,Brochure,"Description de la troupe | Programme théâtral"
35,https://omekas-docker.inframshe.univ-fcomte.fr/admin/item/35,"Notice archivistique",,thomas.dandin@umlp.fr,true,,,446,https://omekas-docker.inframshe.univ-fcomte.fr/files/original/bad0fd4f0e0a736af9a7fb26406c1e509472f184.jpeg,"Tournée Ambreville : affiche de théâtre pour la comédie L'Oncle curé de Victorine Miller",,,,1919,Pièce,"Encre noire et couleur. Timbre oblitéré. 72,6 x 55 cm.","DOI : 10.34847/nkl.a7b52t6q
https://www.nakala.fr/10.34847/nkl.a7b52t6q",,,,,"Imprimerie : La Concurrence.","Petites déchirures, signes d'usage et d'usure.",,"MILLER, Victorine, L'Oncle Curé, Comédie, France Marchal-Ninosque (ed.), Besançon, PUFC, 2023, p. 11.",,,"1 EN 31",,,,,,,"Document figuré","Affiche dramatique"
36,https://omekas-docker.inframshe.univ-fcomte.fr/admin/item/36,"Notice archivistique",,thomas.dandin@umlp.fr,true,,,447,https://omekas-docker.inframshe.univ-fcomte.fr/files/original/da2e91a3caf6825bf9fe1ff7ffcb800f6a527942.jpeg,"Théâtre Palladium (Anvers) : affiche de théâtre de la tournée Nélès pour la comédie Le Mariage de Mlle Beulemans de Fernand Wicheler et Frantz Fonson",,,,1923,Pièce,"Encre noire et couleur. Timbre oblitéré. 86 x 60 cm.","https://www.nakala.fr/10.34847/nkl.b6b33704 10.34847/nkl.b6b33704",,,,,"Imprimerie : Jos. De Volder.","Petites déchirures, signes d'usage et d'usure.",,,,,"1 EN 32",,,,,,,"Document figuré","Affiche dramatique"
37,https://omekas-docker.inframshe.univ-fcomte.fr/admin/item/37,"Notice archivistique",,thomas.dandin@umlp.fr,true,,,448,https://omekas-docker.inframshe.univ-fcomte.fr/files/original/150551e80d6774370b0aecc82f3750ec92ac107c.jpeg,"Théâtre de l'Ilon (Namur) : affiche de théâtre de la tournée Nélès pour la comédie Le Million de Georges Beer et Marcel Guillemand",,,,1925,Pièce,"Impression couleur. Timbre oblitéré. 84 x 62 cm.","https://www.nakala.fr/10.34847/nkl.b6bbt890 10.34847/nkl.b6bbt890",,,,,"Imprimerie : non lisible.","Déchirures multiples, signes d'usage et d'usure.",,,,,"1 EN 33",,,,,,,"Document figuré","Affiche dramatique"
38,https://omekas-docker.inframshe.univ-fcomte.fr/admin/item/38,"Notice archivistique",,thomas.dandin@umlp.fr,true,,,449,https://omekas-docker.inframshe.univ-fcomte.fr/files/original/3874f980e5469404c6ad8d1cfc09903024c29909.jpeg,"Théâtre du Mess [Bruxelles] : affiche de théâtre de la tournée Nélès pour la comédie-vaudeville Médor d'Henri Malin",,,,1925,Pièce,"Impression encre noire. 72 x 55 cm.","https://www.nakala.fr/10.34847/nkl.cfa2l9hv 10.34847/nkl.cfa2l9hv",,,,,"Imprimeur : inconnu.","Petites déchirures, signes d'usage et d'usure.",,,,,"1 EN 34",,,,,,,"Document figuré","Affiche dramatique"
39,https://omekas-docker.inframshe.univ-fcomte.fr/admin/item/39,"Notice archivistique",,thomas.dandin@umlp.fr,true,,,450,https://omekas-docker.inframshe.univ-fcomte.fr/files/original/5c33ca82bfb9c308ed30071af195d3e555c3e7b0.jpeg,"Coupure de presse sur le rôle de Zootebeck interprété par Émile Nélès dans la comédie-vaudeville Médor d'Henri Malin",,,,[1925],Pièce,"Impression encre noire. 13,5 x 10 cm.","https://www.nakala.fr/10.34847/nkl.d685i13z 10.34847/nkl.d685i13z",,,,,"Journaliste : E. D.","Signes d'usage et d'usure.",,,,,"1 EN 35",,,,,,,"Coupure de presse",
40,https://omekas-docker.inframshe.univ-fcomte.fr/admin/item/40,"Notice archivistique",,thomas.dandin@umlp.fr,true,,,451,https://omekas-docker.inframshe.univ-fcomte.fr/files/original/dab6f92918917687a841001558dd2298e32dd171.jpeg,"Théâtre Le Palace (Liège) : affiche de théâtre de la tournée Nélès pour la comédie Le Mariage de Mlle Beulemans de Fernand Wicheler et Frantz Fonson",,,,1928,Pièce,"Impression couleur. Timbre oblitéré. 62 x 42 cm.","https://www.nakala.fr/10.34847/nkl.aeaa3r7w 10.34847/nkl.aeaa3r7w",,,,,"Imprimerie : Julien Waseigne et ses Fils.","Déchirures multiples, signes d'usage et d'usure et présence de papier adhésif.",,,,,"1 EN 36",,,,,,,"Document figuré","Affiche dramatique"
41,https://omekas-docker.inframshe.univ-fcomte.fr/admin/item/41,"Notice archivistique",,thomas.dandin@umlp.fr,true,,,452,https://omekas-docker.inframshe.univ-fcomte.fr/files/original/769d49850422708d32c02b894dffa7595edc92bf.jpeg,"Portrait dédicacé avec signature autographe de Léa de Réal",,,,"[entre 1920 et 1928]",Pièce,"Carte postale photographique en noir et blanc. 14 x 9 cm.","https://www.nakala.fr/10.34847/nkl.ac85p0s3 10.34847/nkl.ac85p0s3",,,,,"Photographe : inconnu.","Signes d'usage et d'usure.",,,,,"1 EN 37",,,,,"Réal, Léa de",,"Document figuré","Photographie d'artiste"
42,https://omekas-docker.inframshe.univ-fcomte.fr/admin/item/42,"Notice archivistique",,thomas.dandin@umlp.fr,true,,,453,https://omekas-docker.inframshe.univ-fcomte.fr/files/original/420245c235cedb124010e4aedf856fe2b7c73e46.jpeg,"Portrait de Mlle Flory",,,,1923,Pièce,"Carte postale photographique en noir et blanc. 14 x 9 cm.","https://www.nakala.fr/10.34847/nkl.b5e60dcr 10.34847/nkl.b5e60dcr",,,,,"Photographe : V. Van de Cruys.","Signes d'usage et d'usure.",,,,,"1 EN 38",,,,,"Flory (Mlle)",,"Document figuré","Photographie d'artiste"
43,https://omekas-docker.inframshe.univ-fcomte.fr/admin/item/43,"Notice archivistique",,thomas.dandin@umlp.fr,true,,,454,https://omekas-docker.inframshe.univ-fcomte.fr/files/original/9353e5b33a2f60cef035fc3f21ccf575feb92452.jpeg,"Portrait d'Émile Nélès (autour de 45 ans)",,,,"[entre 1920 et 1930]",Pièce,"Carte postale photographique en noir et blanc. 13,5 x 8,5 cm.","https://www.nakala.fr/10.34847/nkl.2ccax2cd 10.34847/nkl.2ccax2cd",,,,,"Photographe : S. Polat.","Signes d'usage et d'usure.",,,,,"1 EN 39",,,,,"Nélès, Émile (1876-1942)",,"Document figuré","Photographie d'artiste"
44,https://omekas-docker.inframshe.univ-fcomte.fr/admin/item/44,"Notice archivistique",,thomas.dandin@umlp.fr,true,,,455,https://omekas-docker.inframshe.univ-fcomte.fr/files/original/b9cff0881c1969e657716dbf784b0a4c183dd6bb.jpeg,"Portrait dédicacé avec signature autographe en date du 3 janvier 1923, d'un comédien non identifié",,"Photographie d'artiste",,1923,Pièce,"Carte postale photographique en noir et blanc. 14 x 9 cm.","https://www.nakala.fr/10.34847/nkl.35ae306s 10.34847/nkl.35ae306s",,,,,"Photographe : inconnu.","Signes d'usage et d'usure.",,,,,"1 EN 40",,,,,,,"Document figuré",
45,https://omekas-docker.inframshe.univ-fcomte.fr/admin/item/45,"Notice archivistique",,thomas.dandin@umlp.fr,true,,,456,https://omekas-docker.inframshe.univ-fcomte.fr/files/original/08ac5ad461f5e454164b6602ae71d19f92455a28.jpeg,"Théâtre de l'Ilon (Namur) : affiche de théâtre pour la comédie Le Mariage de Mlle Beulemans de Fernand Wicheler et Frantz Fonson",,,,1925,Pièce,"Impression couleur. 120 x 42,2 cm.","https://www.nakala.fr/10.34847/nkl.0931h8q8 10.34847/nkl.0931h8q8",,,,,"Imprimeur : La Rapide.","Déchirures multiples, signes d'usage et d'usure.",,,,,"1 EN 41",,,,,,,"Document figuré","Affiche dramatique"
46,https://omekas-docker.inframshe.univ-fcomte.fr/admin/item/46,"Notice archivistique",,thomas.dandin@umlp.fr,true,,,"457 | 458 | 459","https://omekas-docker.inframshe.univ-fcomte.fr/files/original/30d17517df4b369e8aad1b56ed4f6c78013fa982.jpeg | https://omekas-docker.inframshe.univ-fcomte.fr/files/original/d783a5c705d3ed32f52b37cfd092e7325bd85c63.jpeg | https://omekas-docker.inframshe.univ-fcomte.fr/files/original/eb178d6393ada16baad33a5c92eec5f337e111ee.jpeg","51e numéro (6e année) de la revue hebdomadaire La Semaine Théâtrale, Artistique & Littéraire (Namur)",,,,"29 mars 1925",Pièce,"4 pages. Impression encre noir et blanc. 55 x 36 cm.","https://www.nakala.fr/10.34847/nkl.2d4cmv69 10.34847/nkl.2d4cmv69",,,,,"Imprimeur : inconnu.","Déchirures multiples, signes d'usage et d'usure.",,,,,"1 EN 42",,,,,,"La Semaine Théâtrale, Artistique et Littéraire",Périodique,
47,https://omekas-docker.inframshe.univ-fcomte.fr/admin/item/47,"Notice archivistique",,thomas.dandin@umlp.fr,true,,,460,https://omekas-docker.inframshe.univ-fcomte.fr/files/original/714504494d5f50947fc79abeff080d6639ea48de.jpeg,"Photographie dédicacée avec signature autographe en date du 15 mars 1925, de Marcelle [Chouret]",,,,1925,Pièce,"Carte postale photographique en noir et blanc. 14 x 9 cm.","https://www.nakala.fr/10.34847/nkl.d6f61akg 10.34847/nkl.d6f61akg",,,,,"Photographe : inconnu.","Lègers signes d'usage et d'usure.",,,,,"1 EN 43",,,,,"Chouret, Marcelle",,"Document figuré","Photographie d'artiste"
48,https://omekas-docker.inframshe.univ-fcomte.fr/admin/item/48,"Notice archivistique",,thomas.dandin@umlp.fr,true,,,461,https://omekas-docker.inframshe.univ-fcomte.fr/files/original/eb432fabdcc68202719c03e36f694c026cf14d0e.jpeg,"Photographie dédicacée avec signature autographe en date du 15 mars 1925, de Marcelle [Chouret] et de sa fille",,,,1925,Pièce,"Carte postale photographique en noir et blanc. 14 x 9 cm.","https://www.nakala.fr/10.34847/nkl.3e1f1g1w 10.34847/nkl.3e1f1g1w",,,,,"Photographe : inconnu.","Signes d'usage et d'usure.",,,,,"1 EN 44",,,,,"Chouret, Marcelle",,"Document figuré","Photographie d'artiste"
49,https://omekas-docker.inframshe.univ-fcomte.fr/admin/item/49,"Notice archivistique",,thomas.dandin@umlp.fr,true,,,462,https://omekas-docker.inframshe.univ-fcomte.fr/files/original/bb472b823cc51a31f2effd9efadb19124e46fd07.jpeg,"Portrait-dessin d'Émile Nélès",,,,"[années 1930]",Pièce,"Lithographie en couleur. 100 x 50 cm.","https://www.nakala.fr/10.34847/nkl.5d9fn002 10.34847/nkl.5d9fn002",,,,,"Dessinateur : Géo (Georges) De Vlamynck.","Signes d'usage et d'usure.",,,,,"1 EN 45",,,,,"Nélès, Émile (1876-1942)",,"Document figuré","Dessin d'artiste"
50,https://omekas-docker.inframshe.univ-fcomte.fr/admin/item/50,"Notice archivistique",,thomas.dandin@umlp.fr,true,,,463,https://omekas-docker.inframshe.univ-fcomte.fr/files/original/78aff72d62c8ba05a70e267b14d158388dbc4209.jpeg,"Photographie d'Émile Nélès (autour de 50 ans)",,,,"[années 1930]",Pièce,"Noir et blanc.","https://www.nakala.fr/10.34847/nkl.3f0f9l5f 10.34847/nkl.3f0f9l5f",,,,,"Photographe : inconnu.","Signes d'usage et d'usure.",,"MILLER, Victorine, L'Oncle Curé, Comédie, France Marchal-Ninosque (ed.), Besançon, PUFC, 2023, p. 9.",,,"1 EN 46",,,,,"Nélès, Émile (1876-1942)",,"Document figuré","Photographie d'artiste"
51,https://omekas-docker.inframshe.univ-fcomte.fr/admin/item/51,"Notice archivistique",,thomas.dandin@umlp.fr,true,,,464,https://omekas-docker.inframshe.univ-fcomte.fr/files/original/6c9ac9ec142c869aa59568e5c2d49614623e0710.jpeg,"Portrait dédicacé (à Marguerite Nélès, seconde épouse d'Émile Nélès) et signé de Fernand Gravey",,,,"[années 1930]",Pièce,"Photographie en noir et blanc. 14,2 x 10,2 cm.","https://www.nakala.fr/10.34847/nkl.db5858qp 10.34847/nkl.db5858qp",,,,,"Photographe : inconnu.","Signes d'usage et d'usure.",,,,,"1 EN 47",,,,,"Gravey, Fernand",,"Document figuré","Photographie d'artiste"
52,https://omekas-docker.inframshe.univ-fcomte.fr/admin/item/52,"Notice archivistique",,thomas.dandin@umlp.fr,true,,,465,https://omekas-docker.inframshe.univ-fcomte.fr/files/original/7f5fc3e5f9f132343e588ee1077590b0bac57469.jpeg,"Portrait dédicacé avec signature autographe en date du 16 septembre 1937 de Charles Mahieu",,,,1937,Pièce,"Carte postale photographique en noir et blanc. 14 x 9 cm.","https://www.nakala.fr/10.34847/nkl.b076uwo7 10.34847/nkl.b076uwo7",,,,,"Photographe : Verhassel.","Signes d'usage et d'usure.",,,,,"1 EN 48",,,,,"Mahieu, Charles",,"Document figuré","Photographie d'artiste"
53,https://omekas-docker.inframshe.univ-fcomte.fr/admin/item/53,"Notice archivistique",,thomas.dandin@umlp.fr,true,,,466,https://omekas-docker.inframshe.univ-fcomte.fr/files/original/e40f2988ba6b51e1960d59b434c16b92d30961d7.jpeg,"Recette de cuisine sur le homard à l'américaine donnée par le cuisinier de la famille royale belge",,,,"[années 1930]",Pièce,"Manuscrit. 1 page. 28 x 21,5 cm.","https://www.nakala.fr/10.34847/nkl.adf66z51 10.34847/nkl.adf66z51",,,,,,"Petites déchirures, signes d'usage et d'usure.",,,,,"1 EN 49",,,,,,,Autre,
54,https://omekas-docker.inframshe.univ-fcomte.fr/admin/item/54,"Notice archivistique",,thomas.dandin@umlp.fr,true,,,467,https://omekas-docker.inframshe.univ-fcomte.fr/files/original/fc15e9e5769e3c55af820cb79edd345aee7f8d30.jpeg,"Émile Nélès (autour de 55 ans)",,,,"[années 1940]",Pièce,"Carte postale photographique en noir et blanc. 13,5 x 9 cm.","https://www.nakala.fr/10.34847/nkl.11fdlgru 10.34847/nkl.11fdlgru",,,,,"Photographe : Ed. Drauwet.","Signes d'usage et d'usure.",,,,,"1 EN 50",,,,,"Nélès, Émile (1876-1942)",,"Document figuré","Photographie d'artiste"
55,https://omekas-docker.inframshe.univ-fcomte.fr/admin/item/55,"Notice archivistique",,thomas.dandin@umlp.fr,true,,,468,https://omekas-docker.inframshe.univ-fcomte.fr/files/original/8cdf9dd9979569c99cd015867ccd30e7edc99815.jpeg,"Émile Nélès (autour de 60 ans)",,,,"[années 1940]",Pièce,"Carte postale photographique en noir et blanc. 13,5 x 9 cm.","https://www.nakala.fr/10.34847/nkl.22c1hn58 10.34847/nkl.22c1hn58",,,,,,"Signes d'usage et d'usure.",,,,,"1 EN 51",,,,,"Nélès, Émile (1876-1942)",,"Document figuré","Photographie d'artiste"
56,https://omekas-docker.inframshe.univ-fcomte.fr/admin/item/56,"Notice archivistique",,thomas.dandin@umlp.fr,true,,,469,https://omekas-docker.inframshe.univ-fcomte.fr/files/original/3b65d553c335885165faab65c8e92eef41c0a7a1.jpeg,"Émile Nélès, sa femme Marguerite Nélès et Marcelle [Chouret] dans une station balnéaire belge",,,,"[années 1930]",Pièce,"Photographie en noir et blanc. 11 x 6,5 cm.","https://www.nakala.fr/10.34847/nkl.a5f20635 10.34847/nkl.a5f20635",,,,,"Photographe : inconnu.","Signes d'usage et d'usure.",,,,,"1 EN 52",,,,,"Nélès, Émile (1876-1942) | Nélès, Marguerite | Chouret, Marcelle",,"Document figuré",
57,https://omekas-docker.inframshe.univ-fcomte.fr/admin/item/57,"Notice archivistique",,thomas.dandin@umlp.fr,true,,,470,https://omekas-docker.inframshe.univ-fcomte.fr/files/original/1796cf847992ad7324f892fe089f2a9f21b2fd3f.jpeg,"Photographie de comédiens dont André Brulé et [Jules Berry]",,,,"[années 1930]",Pièce,"Carte postale photographique en noir et blanc. 14 x 9 cm.","https://www.nakala.fr/10.34847/nkl.b77c9dcx 10.34847/nkl.b77c9dcx",,,,,"Photographe : inconnu.","Signes d'usage et d'usure.",,,,,"1 EN 53",,,,,,,"Document figuré","Photographie d'artiste"
58,https://omekas-docker.inframshe.univ-fcomte.fr/admin/item/58,"Notice archivistique",,thomas.dandin@umlp.fr,true,,,471,https://omekas-docker.inframshe.univ-fcomte.fr/files/original/931d03da16c12e5cb3dbb259b326aa911ae73470.jpeg,"Photographie d'une pièce de théâtre, [possiblement Le Million de Georges Beer et Marcel Guillemand], avec Émile Nélès (debout de face) et peut-être Marcel Roels de profil à gauche",,,,"[après 1911]",Pièce,"Carte postale photographique en noir et blanc. 14 x 9 cm.","https://www.nakala.fr/10.34847/nkl.8c1675d7 10.34847/nkl.8c1675d7",,,,,"Photographe : inconnu.","Signes d'usage et d'usure.",,,,,"1 EN 54",,,,,"Nélès, Émile (1876-1942) | Roels, Marcel",,"Document figuré","Photographie d'artistes au plateau"
59,https://omekas-docker.inframshe.univ-fcomte.fr/admin/item/59,"Notice archivistique",,thomas.dandin@umlp.fr,true,,,472,https://omekas-docker.inframshe.univ-fcomte.fr/files/original/f62173c8e67663453ba40cb1cf73ec8a70393120.jpeg,"Photographie de comédiens non identifiés",,,,s.d.,Pièce,"Carte postale photographique en noir et blanc. 14 x 9 cm.","https://www.nakala.fr/10.34847/nkl.cd441oaz 10.34847/nkl.cd441oaz",,,,,"Photographe : inconnu.","Signes d'usage et d'usure.",,,,,"1 EN 55",,,,,,,"Document figuré","Photographie d'artistes au plateau"
60,https://omekas-docker.inframshe.univ-fcomte.fr/admin/item/60,"Notice archivistique",,thomas.dandin@umlp.fr,true,,,,,"Fonds Émile Nélès","Nélès, Émile (1876-1942)",,"Éditrice scientifique : France Marchal-Ninosque (Professeure des universités, ELLIADD UR 4661, UMLP).
Traitement des archives : Thomas Dandin (Archiviste, ELLIADD UR 4661, UMLP).
Numérisation et prise de vue : Angélique Bonjour (Service audiovisuel, UFR S","1901-[années 1940]",Fonds,,,"Archives privées appartenant à Maryse et Pierre Hermann.",Français,"Pour toute réutilisation des facs-similés numériques, à titre commercial ou gracieux, le laboratoire ELLIADD souhaiterait être cité avec la mention suivante : « Document numérisé par ELLIADD (UR 4661), Université de Franche-Comté. »","Les documents ont été classés selon un ordre chronologique calqué sur les trois grandes phases de la carrière du comédien.",,,,"MILLER, Victorine, L'Oncle Curé, Comédie, France Marchal-Ninosque (ed.), Besançon, PUFC, 2023.","Centre de ressources littéraires et artistiques Jacques-Petit, Laboratoire ELLIADD (UR 4661).","Librement communicable. Consultable en ligne.",FR/UR4661/1EN,"Prêt pour numérisation.",,,,,,,
